Company Name, Telephone, Email, Website
LES VERGERS DU MEKONG, 84.8 .5120430, info@vergersmekong.com, NaN
ANTESCO , 84-76-841460 - 841352        , antesco@hcm.vnn.vn, http://www.antescovn.com/
HOANG HAU  DRAGON FRUIT FARM  , 84-62-898616 -867169-867295        , dragonfruithoanghau@hcm.vnn.vn, NaN
VF Co. Ltd, 84-8-5150241        , nguyen_man@yahoo.com, NaN
SOUTHERN FRUIT RESEARCH INSTITUTE, 84-73-834699        , MCH@hcm.vnn.vn, http://www.sofri.ac.vn/
GINO Co. Ltd, 84-8.8293134 , ginodao@hcm.fpt.vn, NaN
THAO NGUYEN Co. Ltd, 84-8-8988799 -8988556        , tnc@fmail.vnn.vn, http://www.thaonguyen-vietnam.com/
TREXIMCO, 84-75-825775 -822167        , trgiang@hcm.vnn.vn, NaN
BETRIMEX, 84-75-822287 -822316        , betrimex@hcm.vnn.vn, http://www.betrimex.com/
Export Agricultural Foodstuff Processing  Enterprise.,  071.871038, tranminhct@hcm.vnn.vn, NaN
AN GIANG PLANT PROTECTION SERVICE COMPANY , 84-76-841299 -844461        , binhny@hcm.vnn.vn, NaN
BA MINH NURSERY , 84.70.823206, Baminh@pmail.vnn.vn, http://www.xoaibaminh.com/
TICAY, 84-8-8608473-9733653, tblongtrade@yahoo.com%20, http://www.ticay.com%20
DOAN KET JOINT STOCK Co., 84.50.852623, NaN, NaN
KHANH GIANG Co. Ltd, 84-8-9627536 -9627612        , khgiang@hcm.fpt.vn%20, NaN
VEGESA JOINT .STOCK COMPANY, 84-8-8652923        , vegesa@hcm.fpt.vn, NaN
VEGETEXCO HO CHI MINH CITY   , 84-8-8 299546 -8211567        , vghcm@hcm.fpt.vn%20, http://www.vegetexcohcm.com
ORANA VIET NAM,  84.8.7176310, oranavn@hcm.vnn.vn, NaN
TAN HUNG Co.Ltd ,  84-8-8752684         , tanhungco@hcm.vnn.vn, NaN
VEGETEXCO PORT,  84-8-7731121         , vegeportjco@hcm.vnn.vn, NaN
SWIRE PACIFIC Co.Ltd  ,  84-650-790015     , thuhoa@spcs.com.vn, NaN
QUANG MINH ANH CO.Ltd,  08.7112004; , hamuspex@hcm.vnn.vn, NaN
HOA KHANH  FRUIT PACK HOUSE,  84-73-824253     , kimlieng2001@yahoo.com, NaN
TAN BINH,  84-8-8497166     , tpxktanbinh@hcm.vnn.vn, http://www.tafoco.vn.com/
KIEN GIANG,  84-77-864003         , kiveco@hotmail.com, http://www.kiveco.com/
HOANG GIA Co.Ltd,  84-70-892412         , lntgiang@yahoo.com, http://www.5roi.com/
DONATECHNO,  061.879281, donatech@hcm.vnn.vn, NaN
VEGETIGI,  84-73-834676         , vegetigi@hcm.fpt.vn, http://www.vegetigi.com/
VEGETEXCO HANOI ,  84-4-6621441 , fruitmanu@hn.vnn.vn, http://www.vietnamcanfoo.com/
MAI XUAN Co.Ltd,  84-4-9967677     , maixuanco-02@hcm.vnn.vn, NaN
VAN BINH,  062.898629; , muoithingo@yahoo.com, NaN
PHU AN ,  08.8995167; Mobile: 0903656151, trienluu@yahoo.com, NaN
LONG DINH Co.Ltd,  84.8.8163554 , longdinh@hcm.vnn.vn, http://www.longdinh.com/
Thuan Hoa Enterprise,  075.840240 -0909339334, buoibr99daxanh@yahoo.com, NaN
Director : Mr. Nguyen Ba Tri, 08-8304885/8352741, hungtri@hcm.vnn.vn, http://www.hungtri.com/
My Chau  Printing and packaging Joint Stock Co. , 9612844 -9612734 -8586240, mychauco@hcm.vnn.vn, NaN
SanNam Foodstuff Joint stock Co., 04 7642569 |  048374486, sannamfood@sannamfood.com, http://www.sannamfood.com/
HoChiMinhCity  Plant Co. (HPC),  08.7661280. 7661283, caytrongtp@yahoo.com, NaN
Chairman: Pham Dinh Khang,  7290880, thuducagromarket@hcm.vnn.vn, http://www.thuducgromarket.com/
Hoa An Trading Co.,  0320 850456 . 04 9361252, trading@hoaanjsc.com.vn, http://www.hoaanjsc.com.vn/
Viet Xo Joint Stock Co.,  031.842448 , vietxoco@vnn.vn, NaN
Director: Nguyen Huu Cuong,  04.6622168, tam389@hn.vnn.vn, NaN
Agricultural Exhibition Marketing &Rural development Center(VAFEC),  (04)7540 130, director@vafec.com.vn, http://www.wafec.com.vn/
THAO BO Co.,  2941084, thaobotradingcompany@yahoo.com, NaN
LAM DONG Agricultural& Foodstuff  Joint Stock Co.Director : Pham Van PhungFresh fruit &  freeze processing .,  , dalatf.v@hcm.vnn.vn, http://www.agrifoods.com/
Fruits &Greens Co.Director :Do Thi Minh TuyenDragon fruit   Japanese  sweet potatoe chiku (sapo) Export.,  -062823731, fruits-green@hcm.vnn.vn, NaN
SATRA TIEN GIANG CO.LtdDirector :Huynh Kim Quang.Vegetable .fruit Trading., 073.753775 -753776-753778, kimquang@satio.com.vn, NaN
Cao Lanh  mango production &Consumption  CooperativeHead of cooperative :Nguyen Van Be TuMango growing., 067.910996 . 0908464111, Longkimdt@yahoo.com, NaN
DONG THAP Wholesales MaketDirector:Huynh Thanh HongFruit Market .,  067 912515 . 0913687100, NaN, NaN
Farm Advising & Managing CO.LtdDirector: Tran Thi Kim Thuy,  08.9608144, ontra@ontra.com.vn, NaN
HOANG LONG Co.Director:Tran Huu DanhDragon fruit export .,  84-072-878058, tranhoanglongtg@yahoo.com, NaN
DONG GIAO Exprot Foostuff CO.Director : OÃ‚.Dinh Cao Khue,  030 864086, NaN, NaN
GraincoGrainco im&ex joint stoctcompany,  8234058, grainco@hcm.vnn.vn, NaN
HOA LOC CooperativeHead of cooperative :Nguyen Thanh NhonMango growing., 073.817998  |  0919592221, hoptacxahoaloc@hopthu.com, NaN
